{
  "project_info": {
    "project_number": "851688866726",
    "project_id": "projectquizzappmatchgrade3",
    "storage_bucket": "projectquizzappmatchgrade3.firebasestorage.app"
  },
  "client": [
    {
      "client_info": {
        "mobilesdk_app_id": "1:851688866726:android:4a55f50c50a17672f54567",
        "android_client_info": {
          "package_name": "tiil.edu.project_quizzappmatchgrade3"
        }
      },
      "oauth_client": [],
      "api_key": [
        {
          "current_key": "AIzaSyCwgrJsmHUXW5anvmiqSdRwY23UF8cRdsM"
        }
      ],
      "services": {
        "appinvite_service": {
          "other_platform_oauth_client": []
        }
      }
    },
    {
      "client_info": {
        "mobilesdk_app_id": "1:851688866726:android:d92eff6551919908f54567",
        "android_client_info": {
          "package_name": "tiil.edu.project_quizzappmatchgrade3.file1"
        }
      },
      "oauth_client": [],
      "api_key": [
        {
          "current_key": "AIzaSyCwgrJsmHUXW5anvmiqSdRwY23UF8cRdsM"
        }
      ],
      "services": {
        "appinvite_service": {
          "other_platform_oauth_client": []
        }
      }
    },
    {
      "client_info": {
        "mobilesdk_app_id": "1:851688866726:android:e427113828892feef54567",
        "android_client_info": {
          "package_name": "tiil.edu.quizappgrade3"
        }
      },
      "oauth_client": [],
      "api_key": [
        {
          "current_key": "AIzaSyCwgrJsmHUXW5anvmiqSdRwY23UF8cRdsM"
        }
      ],
      "services": {
        "appinvite_service": {
          "other_platform_oauth_client": []
        }
      }
    }
  ],
  "configuration_version": "1"
}